"Status","Start Time","Stop Time","Duration in ms","Parent Suite","Suite","Sub Suite","Test Class","Test Method","Name","Description"
"passed","Thu Dec 30 02:01:03 GMT 2021","Thu Dec 30 02:01:05 GMT 2021","1096","SHAFT: Custom Suite","SHAFT: Custom Test","testPackage01.Test_dragAndDrop","testPackage01.Test_dragAndDrop","dragAndDropByOffset","TC002 - Test Drag and Drop by offset function.",""
"passed","Thu Dec 30 02:00:49 GMT 2021","Thu Dec 30 02:00:50 GMT 2021","650","SHAFT: Custom Suite","SHAFT: Custom Test","unitTests.tests_validations_assertions","unitTests.tests_validations_assertions","assertElementExists_true_multipleElementsFound_expectedToFail","assertElementExists_true_multipleElementsFound_expectedToFail",""
"passed","Thu Dec 30 02:03:10 GMT 2021","Thu Dec 30 02:03:10 GMT 2021","1","SHAFT: Custom Suite","SHAFT: Custom Test","testPackage01.Test_NewValidationHelper","testPackage01.Test_NewValidationHelper","f35","f35",""
"passed","Thu Dec 30 01:58:04 GMT 2021","Thu Dec 30 01:58:05 GMT 2021","900","SHAFT: Custom Suite","SHAFT: Custom Test","unitTests.tests_browserActions","unitTests.tests_browserActions","navigateToURLWithRedirection","navigateToURLWithRedirection",""
"passed","Thu Dec 30 02:04:27 GMT 2021","Thu Dec 30 02:04:27 GMT 2021","27","SHAFT: Custom Suite","SHAFT: Custom Test","testPackage01.Test_JsonCompareWithSpecialCharacters","testPackage01.Test_JsonCompareWithSpecialCharacters","specialCharacters","specialCharacters",""
"passed","Thu Dec 30 01:57:49 GMT 2021","Thu Dec 30 01:57:51 GMT 2021","2128","SHAFT: Custom Suite","SHAFT: Custom Test","unitTests.tests_browserActions","unitTests.tests_browserActions","navigateBack","navigateBack",""
"passed","Thu Dec 30 01:58:24 GMT 2021","Thu Dec 30 01:58:26 GMT 2021","1306","SHAFT: Custom Suite","SHAFT: Custom Test","unitTests.tests_validations_assertions","unitTests.tests_validations_assertions","assertElementAttribute_false_caseInsensitiveComparison_expectedToPass","assertElementAttribute_false_caseInsensitiveComparison_expectedToPass",""
"passed","Thu Dec 30 02:03:10 GMT 2021","Thu Dec 30 02:03:10 GMT 2021","1","SHAFT: Custom Suite","SHAFT: Custom Test","testPackage01.Test_NewValidationHelper","testPackage01.Test_NewValidationHelper","f29","f29",""
"passed","Thu Dec 30 01:59:24 GMT 2021","Thu Dec 30 01:59:26 GMT 2021","1294","SHAFT: Custom Suite","SHAFT: Custom Test","unitTests.tests_validations_assertions","unitTests.tests_validations_assertions","assertElementAttribute_true_literalComparison_expectedToPass","assertElementAttribute_true_literalComparison_expectedToPass",""
"passed","Thu Dec 30 01:57:29 GMT 2021","Thu Dec 30 01:57:29 GMT 2021","58","SHAFT: Custom Suite","SHAFT: Custom Test","unitTests.tests_browserActions","unitTests.tests_browserActions","getWindowHandle","getWindowHandle",""
"passed","Thu Dec 30 01:57:19 GMT 2021","Thu Dec 30 01:57:19 GMT 2021","87","SHAFT: Custom Suite","SHAFT: Custom Test","unitTests.tests_browserActions","unitTests.tests_browserActions","getCurrentWindowTitle","getCurrentWindowTitle",""
"passed","Thu Dec 30 01:56:48 GMT 2021","Thu Dec 30 01:56:50 GMT 2021","1957","SHAFT: Custom Suite","SHAFT: Custom Test","unitTests.tests_element_elementActions","unitTests.tests_element_elementActions","waitForElementToBePresent_moreThanOneElement_expectedToFail","waitForElementToBePresent_moreThanOneElement_expectedToFail",""
"passed","Thu Dec 30 02:00:50 GMT 2021","Thu Dec 30 02:00:50 GMT 2021","14","SHAFT: Custom Suite","SHAFT: Custom Test","unitTests.tests_validations_assertions","unitTests.tests_validations_assertions","assertEquals_true_expectedToPass","Assert that assertEquals works as expected when the two values are equal.",""
"passed","Thu Dec 30 02:04:55 GMT 2021","Thu Dec 30 02:05:02 GMT 2021","6624","SHAFT: Custom Suite","SHAFT: Custom Test","testPackage01.Test_SelectedValue","testPackage01.Test_SelectedValue","multipleSelect","multipleSelect",""
"passed","Thu Dec 30 01:56:53 GMT 2021","Thu Dec 30 01:57:00 GMT 2021","6761","SHAFT: Custom Suite","SHAFT: Custom Test","unitTests.tests_element_elementActions","unitTests.tests_element_elementActions","waitForElementToBePresent_true_expectedToFail","waitForElementToBePresent_true_expectedToFail",""
"passed","Thu Dec 30 02:00:50 GMT 2021","Thu Dec 30 02:00:50 GMT 2021","6","SHAFT: Custom Suite","SHAFT: Custom Test","unitTests.tests_validations_assertions","unitTests.tests_validations_assertions","assertEquals_longCharacters","assertEquals_longCharacters",""
"passed","Thu Dec 30 01:56:27 GMT 2021","Thu Dec 30 01:56:27 GMT 2021","197","SHAFT: Custom Suite","SHAFT: Custom Test","unitTests.tests_restActions","unitTests.tests_restActions","validateUserEmail","validateUserEmail",""
"passed","Thu Dec 30 02:03:10 GMT 2021","Thu Dec 30 02:03:10 GMT 2021","1","SHAFT: Custom Suite","SHAFT: Custom Test","testPackage01.Test_NewValidationHelper","testPackage01.Test_NewValidationHelper","f37","f37",""
"passed","Thu Dec 30 02:01:19 GMT 2021","Thu Dec 30 02:01:30 GMT 2021","10693","SHAFT: Custom Suite","SHAFT: Custom Test","testPackage01.Test_NewValidationHelper","testPackage01.Test_NewValidationHelper","f11","f11",""
"passed","Thu Dec 30 01:57:59 GMT 2021","Thu Dec 30 01:58:00 GMT 2021","512","SHAFT: Custom Suite","SHAFT: Custom Test","unitTests.tests_browserActions","unitTests.tests_browserActions","navigateToURL","navigateToURL",""
"passed","Thu Dec 30 02:03:10 GMT 2021","Thu Dec 30 02:03:10 GMT 2021","1","SHAFT: Custom Suite","SHAFT: Custom Test","testPackage01.Test_NewValidationHelper","testPackage01.Test_NewValidationHelper","f6","f6",""
"passed","Thu Dec 30 01:59:09 GMT 2021","Thu Dec 30 01:59:11 GMT 2021","1236","SHAFT: Custom Suite","SHAFT: Custom Test","unitTests.tests_validations_assertions","unitTests.tests_validations_assertions","assertElementAttribute_true_containsComparison_expectedToFail","assertElementAttribute_true_containsComparison_expectedToFail",""
"passed","Thu Dec 30 02:04:28 GMT 2021","Thu Dec 30 02:04:31 GMT 2021","2569","SHAFT: Custom Suite","SHAFT: Custom Test","testPackage01.Test_chainableElementActions","testPackage01.Test_chainableElementActions","chainElementActions","chainElementActions",""
"passed","Thu Dec 30 02:05:02 GMT 2021","Thu Dec 30 02:05:09 GMT 2021","7399","SHAFT: Custom Suite","SHAFT: Custom Test","testPackage01.Test_SelectedValue","testPackage01.Test_SelectedValue","simpleSelect","simpleSelect",""
"passed","Thu Dec 30 02:05:15 GMT 2021","Thu Dec 30 02:05:17 GMT 2021","2592","SHAFT: Custom Suite","SHAFT: Custom Test","testPackage01.Test_google","testPackage01.Test_google","searchForQueryandAssertResultsNumDisplayed","TC002 - Search for Query and Assert that the number of results is displayed",""
"passed","Thu Dec 30 02:01:44 GMT 2021","Thu Dec 30 02:01:45 GMT 2021","760","SHAFT: Custom Suite","SHAFT: Custom Test","testPackage01.Test_NewValidationHelper","testPackage01.Test_NewValidationHelper","f14","f14",""
"passed","Thu Dec 30 02:00:51 GMT 2021","Thu Dec 30 02:00:51 GMT 2021","1","SHAFT: Custom Suite","SHAFT: Custom Test","unitTests.tests_validations_assertions","unitTests.tests_validations_assertions","assertNull_true_expectedToPass","assertNull_true_expectedToPass",""
"passed","Thu Dec 30 01:59:19 GMT 2021","Thu Dec 30 01:59:21 GMT 2021","1274","SHAFT: Custom Suite","SHAFT: Custom Test","unitTests.tests_validations_assertions","unitTests.tests_validations_assertions","assertElementAttribute_true_literalComparison_expectedToFail","assertElementAttribute_true_literalComparison_expectedToFail",""
"passed","Thu Dec 30 02:04:48 GMT 2021","Thu Dec 30 02:04:48 GMT 2021","21","SHAFT: Custom Suite","SHAFT: Custom Test","testPackage01.Test_PDF","testPackage01.Test_PDF","testPDF2","testPDF2",""
"passed","Thu Dec 30 01:59:29 GMT 2021","Thu Dec 30 01:59:31 GMT 2021","1175","SHAFT: Custom Suite","SHAFT: Custom Test","unitTests.tests_validations_assertions","unitTests.tests_validations_assertions","assertElementAttribute_true_regexComparison_expectedToFail","assertElementAttribute_true_regexComparison_expectedToFail",""
"passed","Thu Dec 30 01:58:15 GMT 2021","Thu Dec 30 01:58:15 GMT 2021","2","SHAFT: Custom Suite","SHAFT: Custom Test","unitTests.tests_validations_assertions","unitTests.tests_validations_assertions","assertComparativeRelation_greaterThanOrEquals_true_equals_expectedToFail","assertComparativeRelation_greaterThanOrEquals_true_equals_expectedToFail",""
"passed","Thu Dec 30 01:59:34 GMT 2021","Thu Dec 30 01:59:36 GMT 2021","1352","SHAFT: Custom Suite","SHAFT: Custom Test","unitTests.tests_validations_assertions","unitTests.tests_validations_assertions","assertElementAttribute_true_regexComparison_expectedToPass","assertElementAttribute_true_regexComparison_expectedToPass",""
"passed","Thu Dec 30 01:57:39 GMT 2021","Thu Dec 30 01:57:39 GMT 2021","53","SHAFT: Custom Suite","SHAFT: Custom Test","unitTests.tests_browserActions","unitTests.tests_browserActions","getWindowSize","getWindowSize",""
"passed","Thu Dec 30 02:03:19 GMT 2021","Thu Dec 30 02:03:50 GMT 2021","31045","SHAFT: Custom Suite","SHAFT: Custom Test","testPackage01.Test_NewValidationHelper","testPackage01.Test_NewValidationHelper","f9","f9",""
"passed","Thu Dec 30 02:03:10 GMT 2021","Thu Dec 30 02:03:10 GMT 2021","2","SHAFT: Custom Suite","SHAFT: Custom Test","testPackage01.Test_NewValidationHelper","testPackage01.Test_NewValidationHelper","f6_1","f6_1",""
"passed","Thu Dec 30 01:58:15 GMT 2021","Thu Dec 30 01:58:15 GMT 2021","2","SHAFT: Custom Suite","SHAFT: Custom Test","unitTests.tests_validations_assertions","unitTests.tests_validations_assertions","assertComparativeRelation_greaterThanOrEquals_true_greaterThan_expectedToPass","assertComparativeRelation_greaterThanOrEquals_true_greaterThan_expectedToPass",""
"passed","Thu Dec 30 01:58:29 GMT 2021","Thu Dec 30 01:58:31 GMT 2021","1373","SHAFT: Custom Suite","SHAFT: Custom Test","unitTests.tests_validations_assertions","unitTests.tests_validations_assertions","assertElementAttribute_false_containsComparison_expectedToFail","assertElementAttribute_false_containsComparison_expectedToFail",""
"passed","Thu Dec 30 02:03:50 GMT 2021","Thu Dec 30 02:03:50 GMT 2021","1","SHAFT: Custom Suite","SHAFT: Custom Test","testPackage01.Test_NewValidationHelper","testPackage01.Test_NewValidationHelper","forceFail","forceFail",""
"passed","Thu Dec 30 02:00:50 GMT 2021","Thu Dec 30 02:00:50 GMT 2021","3","SHAFT: Custom Suite","SHAFT: Custom Test","unitTests.tests_validations_assertions","unitTests.tests_validations_assertions","assertEquals_longCharacters_Discreet","assertEquals_longCharacters_Discreet",""
"passed","Thu Dec 30 02:00:51 GMT 2021","Thu Dec 30 02:00:51 GMT 2021","1","SHAFT: Custom Suite","SHAFT: Custom Test","unitTests.tests_validations_assertions","unitTests.tests_validations_assertions","assertNull_false_expectedToFail","assertNull_false_expectedToFail",""
"passed","Thu Dec 30 02:00:52 GMT 2021","Thu Dec 30 02:00:52 GMT 2021","67","SHAFT: Custom Suite","SHAFT: Custom Test","testPackage01.Test_testData","testPackage01.Test_testData","f","f",""
"passed","Thu Dec 30 01:58:15 GMT 2021","Thu Dec 30 01:58:15 GMT 2021","1","SHAFT: Custom Suite","SHAFT: Custom Test","unitTests.tests_validations_assertions","unitTests.tests_validations_assertions","assertComparativeRelation_greaterThanOrEquals_false_equals_expectedToPass","assertComparativeRelation_greaterThanOrEquals_false_equals_expectedToPass",""
"passed","Thu Dec 30 01:57:34 GMT 2021","Thu Dec 30 01:57:34 GMT 2021","44","SHAFT: Custom Suite","SHAFT: Custom Test","unitTests.tests_browserActions","unitTests.tests_browserActions","getWindowPosition","getWindowPosition",""
"passed","Thu Dec 30 02:03:53 GMT 2021","Thu Dec 30 02:03:56 GMT 2021","2332","SHAFT: Custom Suite","SHAFT: Custom Test","testPackage01.Test_uploadFile","testPackage01.Test_uploadFile","uploadFile_invisibleUploadInput","uploadFile_invisibleUploadInput",""
"passed","Thu Dec 30 02:05:28 GMT 2021","Thu Dec 30 02:05:35 GMT 2021","6576","SHAFT: Custom Suite","SHAFT: Custom Test","testPackage01.Test_dynamicLoading","testPackage01.Test_dynamicLoading","dynamicLoading_elementIsRendered","dynamicLoading_elementIsRendered",""
"passed","Thu Dec 30 01:57:24 GMT 2021","Thu Dec 30 01:57:24 GMT 2021","81","SHAFT: Custom Suite","SHAFT: Custom Test","unitTests.tests_browserActions","unitTests.tests_browserActions","getPageSource","getPageSource",""
"passed","Thu Dec 30 01:58:15 GMT 2021","Thu Dec 30 01:58:15 GMT 2021","3","SHAFT: Custom Suite","SHAFT: Custom Test","unitTests.tests_validations_assertions","unitTests.tests_validations_assertions","assertComparativeRelation_greaterThanOrEquals_true_greaterThan_expectedToFail","assertComparativeRelation_greaterThanOrEquals_true_greaterThan_expectedToFail",""
"passed","Thu Dec 30 01:58:09 GMT 2021","Thu Dec 30 01:58:09 GMT 2021","218","SHAFT: Custom Suite","SHAFT: Custom Test","unitTests.tests_browserActions","unitTests.tests_browserActions","refreshCurrentPage","refreshCurrentPage",""
"passed","Thu Dec 30 02:04:38 GMT 2021","Thu Dec 30 02:04:41 GMT 2021","2703","SHAFT: Custom Suite","SHAFT: Custom Test","testPackage01.Test_RelativeLocators","testPackage01.Test_RelativeLocators","relativeLocatorsTest1","relativeLocatorsTest1",""
"passed","Thu Dec 30 01:59:39 GMT 2021","Thu Dec 30 01:59:41 GMT 2021","1284","SHAFT: Custom Suite","SHAFT: Custom Test","unitTests.tests_validations_assertions","unitTests.tests_validations_assertions","assertElementAttribute_type_true_literalComparison_expectedToPass","assertElementAttribute_type_true_literalComparison_expectedToPass",""
"passed","Thu Dec 30 02:03:10 GMT 2021","Thu Dec 30 02:03:10 GMT 2021","2","SHAFT: Custom Suite","SHAFT: Custom Test","testPackage01.Test_NewValidationHelper","testPackage01.Test_NewValidationHelper","f34","f34",""
"passed","Thu Dec 30 01:59:49 GMT 2021","Thu Dec 30 02:00:00 GMT 2021","10645","SHAFT: Custom Suite","SHAFT: Custom Test","unitTests.tests_validations_assertions","unitTests.tests_validations_assertions","assertElementExists_false_expectedToPass","assertElementExists_false_expectedToPass",""
"passed","Thu Dec 30 02:03:10 GMT 2021","Thu Dec 30 02:03:10 GMT 2021","1","SHAFT: Custom Suite","SHAFT: Custom Test","testPackage01.Test_NewValidationHelper","testPackage01.Test_NewValidationHelper","f3","f3",""
"passed","Thu Dec 30 02:03:10 GMT 2021","Thu Dec 30 02:03:10 GMT 2021","1","SHAFT: Custom Suite","SHAFT: Custom Test","testPackage01.Test_NewValidationHelper","testPackage01.Test_NewValidationHelper","f33","f33",""
"passed","Thu Dec 30 01:57:14 GMT 2021","Thu Dec 30 01:57:14 GMT 2021","103","SHAFT: Custom Suite","SHAFT: Custom Test","unitTests.tests_browserActions","unitTests.tests_browserActions","getCurrentURL","getCurrentURL",""
"passed","Thu Dec 30 01:59:14 GMT 2021","Thu Dec 30 01:59:15 GMT 2021","1219","SHAFT: Custom Suite","SHAFT: Custom Test","unitTests.tests_validations_assertions","unitTests.tests_validations_assertions","assertElementAttribute_true_containsComparison_expectedToPass","assertElementAttribute_true_containsComparison_expectedToPass",""
"passed","Thu Dec 30 02:03:10 GMT 2021","Thu Dec 30 02:03:10 GMT 2021","1","SHAFT: Custom Suite","SHAFT: Custom Test","testPackage01.Test_NewValidationHelper","testPackage01.Test_NewValidationHelper","f3_1","f3_1",""
"passed","Thu Dec 30 02:00:51 GMT 2021","Thu Dec 30 02:00:51 GMT 2021","2","SHAFT: Custom Suite","SHAFT: Custom Test","unitTests.tests_validations_assertions","unitTests.tests_validations_assertions","assertFileExists_true_expectedToPass","assertFileExists_true_expectedToPass",""
"passed","Thu Dec 30 01:57:54 GMT 2021","Thu Dec 30 01:57:56 GMT 2021","1895","SHAFT: Custom Suite","SHAFT: Custom Test","unitTests.tests_browserActions","unitTests.tests_browserActions","navigateForward","navigateForward",""
"passed","Thu Dec 30 01:58:59 GMT 2021","Thu Dec 30 01:59:01 GMT 2021","1348","SHAFT: Custom Suite","SHAFT: Custom Test","unitTests.tests_validations_assertions","unitTests.tests_validations_assertions","assertElementAttribute_true_caseInsensitiveComparison_expectedToFail","assertElementAttribute_true_caseInsensitiveComparison_expectedToFail",""
"passed","Thu Dec 30 02:00:51 GMT 2021","Thu Dec 30 02:00:51 GMT 2021","503","SHAFT: Custom Suite","SHAFT: Custom Test","unitTests.tests_validations_assertions","unitTests.tests_validations_assertions","assertFileExists_true_expectedToFail","assertFileExists_true_expectedToFail",""
"passed","Thu Dec 30 02:05:13 GMT 2021","Thu Dec 30 02:05:15 GMT 2021","1442","SHAFT: Custom Suite","SHAFT: Custom Test","testPackage01.Test_google","testPackage01.Test_google","navigateToURLandVerifyGoogleLogoIsDisplayed","TC001 - Navigate to URL and Verify Google Logo is Displayed",""
"passed","Thu Dec 30 01:58:49 GMT 2021","Thu Dec 30 01:58:51 GMT 2021","1284","SHAFT: Custom Suite","SHAFT: Custom Test","unitTests.tests_validations_assertions","unitTests.tests_validations_assertions","assertElementAttribute_false_regexComparison_expectedToFail","assertElementAttribute_false_regexComparison_expectedToFail",""
"passed","Thu Dec 30 02:02:30 GMT 2021","Thu Dec 30 02:02:30 GMT 2021","1","SHAFT: Custom Suite","SHAFT: Custom Test","testPackage01.Test_NewValidationHelper","testPackage01.Test_NewValidationHelper","f2","f2",""
"passed","Thu Dec 30 01:58:54 GMT 2021","Thu Dec 30 01:58:56 GMT 2021","1442","SHAFT: Custom Suite","SHAFT: Custom Test","unitTests.tests_validations_assertions","unitTests.tests_validations_assertions","assertElementAttribute_false_regexComparison_expectedToPass","assertElementAttribute_false_regexComparison_expectedToPass",""
"passed","Thu Dec 30 02:05:19 GMT 2021","Thu Dec 30 02:05:19 GMT 2021","2","SHAFT: Custom Suite","SHAFT: Custom Test","testPackage01.Test_SkipDueToIssue","testPackage01.Test_SkipDueToIssue","skip","skip",""
"passed","Thu Dec 30 02:01:54 GMT 2021","Thu Dec 30 02:02:20 GMT 2021","25836","SHAFT: Custom Suite","SHAFT: Custom Test","testPackage01.Test_NewValidationHelper","testPackage01.Test_NewValidationHelper","f16","f16",""
"passed","Thu Dec 30 02:03:10 GMT 2021","Thu Dec 30 02:03:10 GMT 2021","1","SHAFT: Custom Suite","SHAFT: Custom Test","testPackage01.Test_NewValidationHelper","testPackage01.Test_NewValidationHelper","f32","f32",""
"passed","Thu Dec 30 01:58:14 GMT 2021","Thu Dec 30 01:58:14 GMT 2021","245","SHAFT: Custom Suite","SHAFT: Custom Test","unitTests.tests_browserActions","unitTests.tests_browserActions","setWindowSize","setWindowSize",""
"passed","Thu Dec 30 01:57:03 GMT 2021","Thu Dec 30 01:57:05 GMT 2021","1607","SHAFT: Custom Suite","SHAFT: Custom Test","unitTests.tests_element_elementActions","unitTests.tests_element_elementActions","waitForElementToBePresent_true_expectedToPass","waitForElementToBePresent_true_expectedToPass",""
"passed","Thu Dec 30 02:04:48 GMT 2021","Thu Dec 30 02:04:49 GMT 2021","720","SHAFT: Custom Suite","SHAFT: Custom Test","testPackage01.Test_IsElementClickable","testPackage01.Test_IsElementClickable","testIsElementClickable","testIsElementClickable",""
"passed","Thu Dec 30 02:01:34 GMT 2021","Thu Dec 30 02:01:35 GMT 2021","691","SHAFT: Custom Suite","SHAFT: Custom Test","testPackage01.Test_NewValidationHelper","testPackage01.Test_NewValidationHelper","f12","f12",""
"passed","Thu Dec 30 02:04:46 GMT 2021","Thu Dec 30 02:04:47 GMT 2021","889","SHAFT: Custom Suite","SHAFT: Custom Test","testPackage01.Test_MatchJsonSchema","testPackage01.Test_MatchJsonSchema","checkAPI_ResponseSchema","checkAPI_ResponseSchema",""
"passed","Thu Dec 30 02:04:27 GMT 2021","Thu Dec 30 02:04:27 GMT 2021","273","SHAFT: Custom Suite","SHAFT: Custom Test","testPackage01.Test_google_playwright","testPackage01.Test_google_playwright","clickNextThrice","TC003 - Clicks the next button to make sure that the framework can scroll element into view before clicking it",""
"passed","Thu Dec 30 01:58:35 GMT 2021","Thu Dec 30 01:58:36 GMT 2021","1480","SHAFT: Custom Suite","SHAFT: Custom Test","unitTests.tests_validations_assertions","unitTests.tests_validations_assertions","assertElementAttribute_false_containsComparison_expectedToPass","assertElementAttribute_false_containsComparison_expectedToPass",""
"passed","Thu Dec 30 02:03:58 GMT 2021","Thu Dec 30 02:04:06 GMT 2021","8069","SHAFT: Custom Suite","SHAFT: Custom Test","testPackage01.Test_uploadFile","testPackage01.Test_uploadFile","uploadFile_visibleUploadInput","uploadFile_visibleUploadInput",""
"passed","Thu Dec 30 01:58:15 GMT 2021","Thu Dec 30 01:58:15 GMT 2021","1","SHAFT: Custom Suite","SHAFT: Custom Test","unitTests.tests_validations_assertions","unitTests.tests_validations_assertions","assertComparativeRelation_greaterThanOrEquals_false_greaterThan_expectedToPass","assertComparativeRelation_greaterThanOrEquals_false_greaterThan_expectedToPass",""
"passed","Thu Dec 30 02:00:52 GMT 2021","Thu Dec 30 02:00:52 GMT 2021","16","SHAFT: Custom Suite","SHAFT: Custom Test","testPackage01.Test_JsonActions","testPackage01.Test_JsonActions","f","f",""
"passed","Thu Dec 30 01:59:44 GMT 2021","Thu Dec 30 01:59:45 GMT 2021","589","SHAFT: Custom Suite","SHAFT: Custom Test","unitTests.tests_validations_assertions","unitTests.tests_validations_assertions","assertElementExists_false_expectedToFail","assertElementExists_false_expectedToFail",""
"passed","Thu Dec 30 02:03:10 GMT 2021","Thu Dec 30 02:03:10 GMT 2021","1","SHAFT: Custom Suite","SHAFT: Custom Test","testPackage01.Test_NewValidationHelper","testPackage01.Test_NewValidationHelper","f27","f27",""
"passed","Thu Dec 30 02:03:10 GMT 2021","Thu Dec 30 02:03:10 GMT 2021","1","SHAFT: Custom Suite","SHAFT: Custom Test","testPackage01.Test_NewValidationHelper","testPackage01.Test_NewValidationHelper","f7","f7",""
"passed","Thu Dec 30 02:02:34 GMT 2021","Thu Dec 30 02:02:35 GMT 2021","734","SHAFT: Custom Suite","SHAFT: Custom Test","testPackage01.Test_NewValidationHelper","testPackage01.Test_NewValidationHelper","f20","f20",""
"passed","Thu Dec 30 02:03:10 GMT 2021","Thu Dec 30 02:03:10 GMT 2021","1","SHAFT: Custom Suite","SHAFT: Custom Test","testPackage01.Test_NewValidationHelper","testPackage01.Test_NewValidationHelper","f23","f23",""
"passed","Thu Dec 30 02:04:53 GMT 2021","Thu Dec 30 02:04:55 GMT 2021","1550","SHAFT: Custom Suite","SHAFT: Custom Test","testPackage01.Test_ShadowDOM","testPackage01.Test_ShadowDOM","shadowdom","shadowdom",""
"passed","Thu Dec 30 02:04:47 GMT 2021","Thu Dec 30 02:04:48 GMT 2021","671","SHAFT: Custom Suite","SHAFT: Custom Test","testPackage01.Test_PDF","testPackage01.Test_PDF","testPDF1","testPDF1",""
"passed","Thu Dec 30 02:01:39 GMT 2021","Thu Dec 30 02:01:40 GMT 2021","620","SHAFT: Custom Suite","SHAFT: Custom Test","testPackage01.Test_NewValidationHelper","testPackage01.Test_NewValidationHelper","f13","f13",""
"passed","Thu Dec 30 02:05:17 GMT 2021","Thu Dec 30 02:05:19 GMT 2021","1742","SHAFT: Custom Suite","SHAFT: Custom Test","testPackage01.Test_google","testPackage01.Test_google","clickNextThrice","TC003 - Clicks the next button to make sure that the framework can scroll element into view before clicking it",""
"passed","Thu Dec 30 02:01:11 GMT 2021","Thu Dec 30 02:01:11 GMT 2021","10","SHAFT: Custom Suite","SHAFT: Custom Test","testPackage01.Test_NewValidationHelper","testPackage01.Test_NewValidationHelper","f1","f1",""
"passed","Thu Dec 30 02:00:50 GMT 2021","Thu Dec 30 02:00:50 GMT 2021","4","SHAFT: Custom Suite","SHAFT: Custom Test","unitTests.tests_validations_assertions","unitTests.tests_validations_assertions","assertEquals_false_expectedToPass","assertEquals_false_expectedToPass",""
"passed","Thu Dec 30 02:01:14 GMT 2021","Thu Dec 30 02:01:15 GMT 2021","658","SHAFT: Custom Suite","SHAFT: Custom Test","testPackage01.Test_NewValidationHelper","testPackage01.Test_NewValidationHelper","f10","f10",""
"passed","Thu Dec 30 02:00:51 GMT 2021","Thu Dec 30 02:00:52 GMT 2021","351","SHAFT: Custom Suite","SHAFT: Custom Test","testPackage01.Test_sendGraphqlRequest","testPackage01.Test_sendGraphqlRequest","sendGraphqlRequestUsingMutationAndVariables","sendGraphqlRequestUsingMutationAndVariables",""
"passed","Thu Dec 30 02:03:09 GMT 2021","Thu Dec 30 02:03:10 GMT 2021","683","SHAFT: Custom Suite","SHAFT: Custom Test","testPackage01.Test_NewValidationHelper","testPackage01.Test_NewValidationHelper","f22","f22",""
"passed","Thu Dec 30 02:03:10 GMT 2021","Thu Dec 30 02:03:10 GMT 2021","2","SHAFT: Custom Suite","SHAFT: Custom Test","testPackage01.Test_NewValidationHelper","testPackage01.Test_NewValidationHelper","f28","f28",""
"passed","Thu Dec 30 02:04:33 GMT 2021","Thu Dec 30 02:04:36 GMT 2021","2520","SHAFT: Custom Suite","SHAFT: Custom Test","testPackage01.Test_verifyEquals","testPackage01.Test_verifyEquals","test_assertElementAttribute","test_assertElementAttribute",""
"passed","Thu Dec 30 01:56:34 GMT 2021","Thu Dec 30 01:56:37 GMT 2021","2782","SHAFT: Custom Suite","SHAFT: Custom Test","unitTests.tests_element_elementActions","unitTests.tests_element_elementActions","waitForElementToBePresent_false_expectedToFail","waitForElementToBePresent_false_expectedToFail",""
"passed","Thu Dec 30 02:01:49 GMT 2021","Thu Dec 30 02:01:50 GMT 2021","737","SHAFT: Custom Suite","SHAFT: Custom Test","testPackage01.Test_NewValidationHelper","testPackage01.Test_NewValidationHelper","f15","f15",""
"passed","Thu Dec 30 02:00:51 GMT 2021","Thu Dec 30 02:00:51 GMT 2021","1","SHAFT: Custom Suite","SHAFT: Custom Test","unitTests.tests_validations_assertions","unitTests.tests_validations_assertions","assertNull_false_expectedToPass","assertNull_false_expectedToPass",""
"passed","Thu Dec 30 02:04:21 GMT 2021","Thu Dec 30 02:04:23 GMT 2021","2225","SHAFT: Custom Suite","SHAFT: Custom Test","testPackage01.Test_google_playwright","testPackage01.Test_google_playwright","navigateToURLandVerifyGoogleLogoIsDisplayed","TC001 - Navigate to URL and Verify Google Logo is Displayed",""
"passed","Thu Dec 30 02:01:08 GMT 2021","Thu Dec 30 02:01:11 GMT 2021","2427","SHAFT: Custom Suite","SHAFT: Custom Test","testPackage01.Test_clipboardActions","testPackage01.Test_clipboardActions","typeTextAndCopyPaste","typeTextAndCopyPaste",""
"passed","Thu Dec 30 02:00:44 GMT 2021","Thu Dec 30 02:00:45 GMT 2021","639","SHAFT: Custom Suite","SHAFT: Custom Test","unitTests.tests_validations_assertions","unitTests.tests_validations_assertions","assertElementExists_true_expectedToPass","assertElementExists_true_expectedToPass",""
"passed","Thu Dec 30 02:05:19 GMT 2021","Thu Dec 30 02:05:19 GMT 2021","2","SHAFT: Custom Suite","SHAFT: Custom Test","testPackage01.Test_SkipDueToIssue","testPackage01.Test_SkipDueToIssue","skip2","skip2",""
"passed","Thu Dec 30 01:58:15 GMT 2021","Thu Dec 30 01:58:15 GMT 2021","2","SHAFT: Custom Suite","SHAFT: Custom Test","unitTests.tests_validations_assertions","unitTests.tests_validations_assertions","assertComparativeRelation_greaterThanOrEquals_false_greaterThan_expectedToFail","assertComparativeRelation_greaterThanOrEquals_false_greaterThan_expectedToFail",""
"passed","Thu Dec 30 01:57:09 GMT 2021","Thu Dec 30 01:57:10 GMT 2021","394","SHAFT: Custom Suite","SHAFT: Custom Test","unitTests.tests_browserActions","unitTests.tests_browserActions","fullScreenWindow","fullScreenWindow",""
"passed","Thu Dec 30 02:00:58 GMT 2021","Thu Dec 30 02:01:00 GMT 2021","1847","SHAFT: Custom Suite","SHAFT: Custom Test","testPackage01.Test_dragAndDrop","testPackage01.Test_dragAndDrop","dragAndDrop","TC001 - Test Drag and Drop function.",""
"passed","Thu Dec 30 02:00:50 GMT 2021","Thu Dec 30 02:00:50 GMT 2021","2","SHAFT: Custom Suite","SHAFT: Custom Test","unitTests.tests_validations_assertions","unitTests.tests_validations_assertions","assertEquals_false_expectedToFail","assertEquals_false_expectedToFail",""
"passed","Thu Dec 30 02:04:23 GMT 2021","Thu Dec 30 02:04:27 GMT 2021","3405","SHAFT: Custom Suite","SHAFT: Custom Test","testPackage01.Test_google_playwright","testPackage01.Test_google_playwright","searchForQueryandAssertResultsNumDisplayed","TC002 - Search for Query and Assert that the number of results is displayed",""
"passed","Thu Dec 30 02:03:10 GMT 2021","Thu Dec 30 02:03:10 GMT 2021","2","SHAFT: Custom Suite","SHAFT: Custom Test","testPackage01.Test_NewValidationHelper","testPackage01.Test_NewValidationHelper","f25","f25",""
"passed","Thu Dec 30 02:03:50 GMT 2021","Thu Dec 30 02:03:50 GMT 2021","1","SHAFT: Custom Suite","SHAFT: Custom Test","testPackage01.Test_NewValidationHelper","testPackage01.Test_NewValidationHelper","forceFail2","forceFail2",""
"passed","Thu Dec 30 02:03:10 GMT 2021","Thu Dec 30 02:03:10 GMT 2021","1","SHAFT: Custom Suite","SHAFT: Custom Test","testPackage01.Test_NewValidationHelper","testPackage01.Test_NewValidationHelper","f31","f31",""
"passed","Thu Dec 30 02:05:23 GMT 2021","Thu Dec 30 02:05:25 GMT 2021","1553","SHAFT: Custom Suite","SHAFT: Custom Test","testPackage01.Test_dynamicLoading","testPackage01.Test_dynamicLoading","dynamicLoading_elementIsHidden","dynamicLoading_elementIsHidden",""
"passed","Thu Dec 30 02:00:04 GMT 2021","Thu Dec 30 02:00:05 GMT 2021","620","SHAFT: Custom Suite","SHAFT: Custom Test","unitTests.tests_validations_assertions","unitTests.tests_validations_assertions","assertElementExists_false_multipleElementsFound_expectedToFail","assertElementExists_false_multipleElementsFound_expectedToFail",""
"passed","Thu Dec 30 02:00:52 GMT 2021","Thu Dec 30 02:00:52 GMT 2021","124","SHAFT: Custom Suite","SHAFT: Custom Test","testPackage01.Test_sendGraphqlRequest","testPackage01.Test_sendGraphqlRequest","sendGraphqlRequestUsingQuery","sendGraphqlRequestUsingQuery",""
"passed","Thu Dec 30 02:03:10 GMT 2021","Thu Dec 30 02:03:10 GMT 2021","1","SHAFT: Custom Suite","SHAFT: Custom Test","testPackage01.Test_NewValidationHelper","testPackage01.Test_NewValidationHelper","f26","f26",""
"passed","Thu Dec 30 02:03:10 GMT 2021","Thu Dec 30 02:03:10 GMT 2021","1","SHAFT: Custom Suite","SHAFT: Custom Test","testPackage01.Test_NewValidationHelper","testPackage01.Test_NewValidationHelper","f36","f36",""
"passed","Thu Dec 30 02:00:52 GMT 2021","Thu Dec 30 02:00:52 GMT 2021","7","SHAFT: Custom Suite","SHAFT: Custom Test","testPackage01.Test_JsonActions","testPackage01.Test_JsonActions","f2","f2",""
"passed","Thu Dec 30 02:03:10 GMT 2021","Thu Dec 30 02:03:10 GMT 2021","2","SHAFT: Custom Suite","SHAFT: Custom Test","testPackage01.Test_NewValidationHelper","testPackage01.Test_NewValidationHelper","f4","f4",""
"passed","Thu Dec 30 02:02:29 GMT 2021","Thu Dec 30 02:02:30 GMT 2021","690","SHAFT: Custom Suite","SHAFT: Custom Test","testPackage01.Test_NewValidationHelper","testPackage01.Test_NewValidationHelper","f18","f18",""
"passed","Thu Dec 30 02:00:50 GMT 2021","Thu Dec 30 02:00:51 GMT 2021","509","SHAFT: Custom Suite","SHAFT: Custom Test","unitTests.tests_validations_assertions","unitTests.tests_validations_assertions","assertFileExists_false_expectedToPass","assertFileExists_false_expectedToPass",""
"passed","Thu Dec 30 01:58:19 GMT 2021","Thu Dec 30 01:58:22 GMT 2021","2318","SHAFT: Custom Suite","SHAFT: Custom Test","unitTests.tests_validations_assertions","unitTests.tests_validations_assertions","assertElementAttribute_false_caseInsensitiveComparison_expectedToFail","assertElementAttribute_false_caseInsensitiveComparison_expectedToFail",""
"passed","Thu Dec 30 02:00:50 GMT 2021","Thu Dec 30 02:00:50 GMT 2021","2","SHAFT: Custom Suite","SHAFT: Custom Test","unitTests.tests_validations_assertions","unitTests.tests_validations_assertions","assertEquals_true_expectedToFail","assertEquals_true_expectedToFail",""
"passed","Thu Dec 30 01:58:15 GMT 2021","Thu Dec 30 01:58:15 GMT 2021","3","SHAFT: Custom Suite","SHAFT: Custom Test","unitTests.tests_validations_assertions","unitTests.tests_validations_assertions","assertComparativeRelation_greaterThanOrEquals_true_equals_expectedToPass","assertComparativeRelation_greaterThanOrEquals_true_equals_expectedToPass",""
"passed","Thu Dec 30 01:56:39 GMT 2021","Thu Dec 30 01:56:45 GMT 2021","6484","SHAFT: Custom Suite","SHAFT: Custom Test","unitTests.tests_element_elementActions","unitTests.tests_element_elementActions","waitForElementToBePresent_false_expectedToPass","waitForElementToBePresent_false_expectedToPass",""
"passed","Thu Dec 30 01:58:44 GMT 2021","Thu Dec 30 01:58:46 GMT 2021","1388","SHAFT: Custom Suite","SHAFT: Custom Test","unitTests.tests_validations_assertions","unitTests.tests_validations_assertions","assertElementAttribute_false_literalComparison_expectedToPass","assertElementAttribute_false_literalComparison_expectedToPass",""
"passed","Thu Dec 30 02:02:39 GMT 2021","Thu Dec 30 02:03:05 GMT 2021","25883","SHAFT: Custom Suite","SHAFT: Custom Test","testPackage01.Test_NewValidationHelper","testPackage01.Test_NewValidationHelper","f21","f21",""
"passed","Thu Dec 30 02:03:10 GMT 2021","Thu Dec 30 02:03:10 GMT 2021","1","SHAFT: Custom Suite","SHAFT: Custom Test","testPackage01.Test_NewValidationHelper","testPackage01.Test_NewValidationHelper","f5","f5",""
"passed","Thu Dec 30 01:57:44 GMT 2021","Thu Dec 30 01:57:44 GMT 2021","270","SHAFT: Custom Suite","SHAFT: Custom Test","unitTests.tests_browserActions","unitTests.tests_browserActions","maximizeWindow","maximizeWindow",""
"passed","Thu Dec 30 02:05:19 GMT 2021","Thu Dec 30 02:05:19 GMT 2021","4","SHAFT: Custom Suite","SHAFT: Custom Test","testPackage01.Test_SkipDueToIssue","testPackage01.Test_SkipDueToIssue","doNotSkip","doNotSkip",""
"passed","Thu Dec 30 02:03:10 GMT 2021","Thu Dec 30 02:03:10 GMT 2021","1","SHAFT: Custom Suite","SHAFT: Custom Test","testPackage01.Test_NewValidationHelper","testPackage01.Test_NewValidationHelper","f30","f30",""
"passed","Thu Dec 30 02:03:14 GMT 2021","Thu Dec 30 02:03:15 GMT 2021","626","SHAFT: Custom Suite","SHAFT: Custom Test","testPackage01.Test_NewValidationHelper","testPackage01.Test_NewValidationHelper","f8","f8",""
"passed","Thu Dec 30 01:58:39 GMT 2021","Thu Dec 30 01:58:41 GMT 2021","1273","SHAFT: Custom Suite","SHAFT: Custom Test","unitTests.tests_validations_assertions","unitTests.tests_validations_assertions","assertElementAttribute_false_literalComparison_expectedToFail","assertElementAttribute_false_literalComparison_expectedToFail",""
"passed","Thu Dec 30 01:56:21 GMT 2021","Thu Dec 30 01:56:26 GMT 2021","5589","SHAFT: Custom Suite","SHAFT: Custom Test","unitTests.tests_restActions","unitTests.tests_restActions","getPostsAndAssertBodyForSpecificTitle","getPostsAndAssertBodyForSpecificTitle",""
"passed","Thu Dec 30 02:00:50 GMT 2021","Thu Dec 30 02:00:50 GMT 2021","13","SHAFT: Custom Suite","SHAFT: Custom Test","unitTests.tests_validations_assertions","unitTests.tests_validations_assertions","assertFileExists_false_expectedToFail","assertFileExists_false_expectedToFail",""
"passed","Thu Dec 30 02:03:10 GMT 2021","Thu Dec 30 02:03:10 GMT 2021","1","SHAFT: Custom Suite","SHAFT: Custom Test","testPackage01.Test_NewValidationHelper","testPackage01.Test_NewValidationHelper","f6_2","f6_2",""
"passed","Thu Dec 30 02:00:53 GMT 2021","Thu Dec 30 02:00:56 GMT 2021","2378","SHAFT: Custom Suite","SHAFT: Custom Test","testPackage01.Test_dragAndDrop","testPackage01.Test_dragAndDrop","dragAndDropJquery","dragAndDropJquery",""
"passed","Thu Dec 30 01:57:06 GMT 2021","Thu Dec 30 01:57:06 GMT 2021","18","SHAFT: Custom Suite","SHAFT: Custom Test","unitTests.tests_io_excelFileManager","unitTests.tests_io_excelFileManager","getCellData_rowName_expectedToPass","getCellData_rowName_expectedToPass",""
"passed","Thu Dec 30 02:00:50 GMT 2021","Thu Dec 30 02:00:50 GMT 2021","1","SHAFT: Custom Suite","SHAFT: Custom Test","unitTests.tests_validations_assertions","unitTests.tests_validations_assertions","assertEquals_true_expectedToPass__","assertEquals_true_expectedToPass__",""
"passed","Thu Dec 30 02:03:10 GMT 2021","Thu Dec 30 02:03:10 GMT 2021","1","SHAFT: Custom Suite","SHAFT: Custom Test","testPackage01.Test_NewValidationHelper","testPackage01.Test_NewValidationHelper","f24","f24",""
"passed","Thu Dec 30 01:58:15 GMT 2021","Thu Dec 30 01:58:15 GMT 2021","2","SHAFT: Custom Suite","SHAFT: Custom Test","unitTests.tests_validations_assertions","unitTests.tests_validations_assertions","assertComparativeRelation_greaterThanOrEquals_false_equals_expectedToFail","assertComparativeRelation_greaterThanOrEquals_false_equals_expectedToFail",""
"passed","Thu Dec 30 02:00:09 GMT 2021","Thu Dec 30 02:00:40 GMT 2021","30966","SHAFT: Custom Suite","SHAFT: Custom Test","unitTests.tests_validations_assertions","unitTests.tests_validations_assertions","assertElementExists_true_expectedToFail","assertElementExists_true_expectedToFail",""
"passed","Thu Dec 30 02:04:43 GMT 2021","Thu Dec 30 02:04:46 GMT 2021","2744","SHAFT: Custom Suite","SHAFT: Custom Test","testPackage01.Test_assertEquals","testPackage01.Test_assertEquals","test_assertElementAttribute","test_assertElementAttribute",""
"passed","Thu Dec 30 02:04:36 GMT 2021","Thu Dec 30 02:04:37 GMT 2021","442","SHAFT: Custom Suite","SHAFT: Custom Test","testPackage01.Test_AssertApiResponseEquals","testPackage01.Test_AssertApiResponseEquals","assertApiResponseEquals_expectedToPass","assertApiResponseEquals_expectedToPass",""
"passed","Thu Dec 30 02:04:27 GMT 2021","Thu Dec 30 02:04:27 GMT 2021","13","SHAFT: Custom Suite","SHAFT: Custom Test","testPackage01.Test_JsonCompareWithSpecialCharacters","testPackage01.Test_JsonCompareWithSpecialCharacters","specialCharacters_assertion","specialCharacters_assertion",""
"passed","Thu Dec 30 02:00:51 GMT 2021","Thu Dec 30 02:00:51 GMT 2021","1","SHAFT: Custom Suite","SHAFT: Custom Test","unitTests.tests_validations_assertions","unitTests.tests_validations_assertions","assertNull_true_expectedToFail","assertNull_true_expectedToFail",""
"passed","Thu Dec 30 02:01:05 GMT 2021","Thu Dec 30 02:01:05 GMT 2021","18","SHAFT: Custom Suite","SHAFT: Custom Test","testPackage01.Test_JSONFileManager","testPackage01.Test_JSONFileManager","readStringFromJson","readStringFromJson",""
"passed","Thu Dec 30 01:59:04 GMT 2021","Thu Dec 30 01:59:06 GMT 2021","1348","SHAFT: Custom Suite","SHAFT: Custom Test","unitTests.tests_validations_assertions","unitTests.tests_validations_assertions","assertElementAttribute_true_caseInsensitiveComparison_expectedToPass","assertElementAttribute_true_caseInsensitiveComparison_expectedToPass",""
"passed","Thu Dec 30 02:02:24 GMT 2021","Thu Dec 30 02:02:25 GMT 2021","649","SHAFT: Custom Suite","SHAFT: Custom Test","testPackage01.Test_NewValidationHelper","testPackage01.Test_NewValidationHelper","f17","f17",""
